data_time,eta_seconds,fast_rcnn/cls_accuracy,fast_rcnn/false_negative,fast_rcnn/fg_cls_accuracy,iteration,loss_box_reg,loss_cls,loss_mask,loss_rpn_cls,loss_rpn_loc,lr,mask_rcnn/accuracy,mask_rcnn/false_negative,mask_rcnn/false_positive,rank_data_time,roi_head/num_bg_samples,roi_head/num_fg_samples,rpn/num_neg_anchors,rpn/num_pos_anchors,time,total_loss,bbox/AP,bbox/AP50,bbox/AP75,bbox/APl,bbox/APm,bbox/APs,segm/AP,segm/AP50,segm/AP75,segm/APl,segm/APm,segm/APs
0.007368617000338418,216.3142685701814,0.69921875,0.7083333333333333,0.29166666666666663,19,0.23162057995796204,0.6392253637313843,0.6915883123874664,0.04909816198050976,0.008878804743289948,9.5155e-05,0.5047812984843061,1.0,0.0,0.007368617000338418,120.0,8.0,251.5,4.5,0.1758652590001475,1.5912783262319863,,,,,,,,,,,,
0.008623255499969673,214.9687821053476,0.9296875,1.0,0.0,39,0.2623045891523361,0.22051863372325897,0.6099976599216461,0.03743376210331917,0.008611354045569897,0.000195055,0.6589078215018065,1.0,0.0,0.008623255499969673,119.0,9.0,251.75,4.25,0.18044895399998495,1.1124264588579535,,,,,,,,,,,,
,,,,,24,,,,,,,,,,,,,,,,,3.093784683684795,27.7782661728992,0.0,3.1328303503427266,,,0.0,0.0,0.0,0.0,,
0.01206825450026372,213.57213338984366,0.919921875,1.0,0.0,59,0.31640246510505676,0.18730509281158447,0.5266099274158478,0.024332303553819656,0.008754018694162369,0.00025,0.6872587977498692,1.0,0.0,0.01206825450026372,117.75,10.25,251.5,4.5,0.19953348199987886,1.063323606736958,,,,,,,,,,,,
,,,,,49,,,,,,,,,,,,,,,,,4.2418670438472414,14.455445544554454,1.0608203677510608,4.2418670438472414,,,0.0,0.0,0.0,0.0,,
0.008784389500306133,212.59829682021973,0.92578125,0.94375,0.05625,79,0.3663860559463501,0.14740043878555298,0.3891982436180115,0.008920303545892239,0.00649746204726398,0.00025,0.8316309747583244,0.5856285017239165,0.014302886439881486,0.008784389500306133,116.5,11.5,251.5,4.5,0.18561289149965887,0.9213744382141158,,,,,,,,,,,,
,,,,,74,,,,,,,,,,,,,,,,,13.343429008651784,66.23120645397871,3.991336633663366,13.343429008651784,,,0.2700270027002701,0.6750675067506752,0.0,0.594059405940594,,
0.009184157499930734,212.20138445005432,0.935546875,0.5178571428571428,0.48214285714285715,99,0.37549924850463867,0.1376248523592949,0.2784973233938217,0.009929517284035683,0.005744738737121224,0.00025,0.8976094470046083,0.30081834855283895,0.03337321908949654,0.009184157499930734,115.25,12.75,251.75,4.25,0.19119351349945646,0.8195591943804175,14.793429342934289,44.45544554455444,7.2997299729973,14.793429342934289,,,10.867986798679869,34.884488448844884,4.9504950495049505,10.867986798679869,,
0.007993237499704264,208.62884843486427,0.947265625,0.2863636363636364,0.7136363636363636,119,0.4166682958602905,0.12059788405895233,0.2833748012781143,0.0048403681721538305,0.005796612938866019,0.00025,0.8921565320839875,0.24857286182059402,0.04260626537646932,0.007993237499704264,113.25,14.75,251.5,4.5,0.18602019749960164,0.8042482708115131,,,,,,,,,,,,
0.009609821499907412,206.5538416201298,0.953125,0.2583333333333333,0.7416666666666667,139,0.4036357253789902,0.11964010074734688,0.2007347196340561,0.002788857906125486,0.005620344774797559,0.00025,0.9186871596145789,0.21181238627835614,0.035625291583541066,0.009609821499907412,112.75,15.25,251.5,4.5,0.19470178500023394,0.7748353942006361,,,,,,,,,,,,
,,,,,124,,,,,,,,,,,,,,,,,12.09009058800617,55.44304430443043,1.3501350135013503,12.09009058800617,,,16.909935730415146,64.42244224422441,5.680041688379364,17.007050705070505,,
0.008473663499898976,204.34781376476622,0.953125,0.13804554079696396,0.861954459203036,159,0.43032748997211456,0.11976033449172974,0.2118273451924324,0.0017515555955469608,0.005424658767879009,0.00025,0.9070330215419501,0.19717580135433055,0.04024663444815445,0.008473663499898976,111.25,16.75,251.75,4.25,0.21645157099965218,0.7745172183495015,,,,,,,,,,,,
,,,,,149,,,,,,,,,,,,,,,,,24.61721768993876,76.94269426942697,7.814574560904365,24.61721768993876,,,25.05610561056106,67.39273927392739,8.03080308030803,25.05610561056106,,
0.009653778000483726,203.39466289985467,0.955078125,0.14109697933227344,0.8589030206677266,179,0.39216065406799316,0.10546262934803963,0.18944048881530762,0.0006742997502442449,0.004859974142163992,0.00025,0.9184915520262159,0.16240303238080556,0.03596848059022416,0.009653778000483726,110.0,18.0,251.5,4.5,0.1994239159994322,0.7022450632357504,,,,,,,,,,,,
,,,,,174,,,,,,,,,,,,,,,,,26.193838462793646,87.56875687568754,17.048020591532836,26.193838462793646,,,32.1542904290429,74.5049504950495,15.965346534653465,32.218096809680965,,
0.009374052500334074,200.71127527457975,0.951171875,0.11502966381015162,0.8849703361898484,199,0.342653289437294,0.10425465181469917,0.1730753779411316,0.0007613473571836948,0.004999974509701133,0.00025,0.9277293693640247,0.1590361515982751,0.034607580734491175,0.009374052500334074,109.0,19.0,251.5,4.5,0.1969964304998939,0.6725015666452236,33.591051210384194,94.59945994599462,14.356435643564355,33.591051210384194,,,37.075444386543914,66.50165016501649,28.71287128712871,37.09570957095709,,
0.009043718999691919,198.12291895521412,0.95703125,0.08114035087719298,0.9188596491228069,219,0.318111389875412,0.10168107226490974,0.18318481743335724,0.00044717213313560933,0.004433265188708901,0.00025,0.9207615738603134,0.1254126528676796,0.046537225777073754,0.009043718999691919,109.25,18.75,251.25,4.75,0.19817422799997075,0.5973463908012491,,,,,,,,,,,,
0.00962041299953853,195.40160636981,0.962890625,0.07712590639419908,0.922874093605801,239,0.27353763580322266,0.09390728548169136,0.164801687002182,0.0002840053348336369,0.004474295303225517,0.00025,0.9274969368610484,0.13886269145834212,0.04230166884105446,0.00962041299953853,109.0,19.0,251.5,4.5,0.19981925150023017,0.5248855731515505,,,,,,,,,,,,
,,,,,224,,,,,,,,,,,,,,,,,36.93564356435643,73.51485148514845,24.752475247524757,36.93564356435643,,,40.25917297612114,68.97689768976896,28.71287128712871,40.25917297612114,,
0.009822613499636645,191.89163960989845,0.96484375,0.06897463002114165,0.9310253699788583,259,0.24391566216945648,0.08493883535265923,0.1471426859498024,0.00025784724130062386,0.003893612651154399,0.00025,0.9358834880105888,0.09663855361742354,0.04682069191892198,0.009822613499636645,107.0,21.0,251.5,4.5,0.1964824895003403,0.5031549413765788,,,,,,,,,,,,
,,,,,249,,,,,,,,,,,,,,,,,52.907040704070404,85.14851485148513,49.88998899889989,52.907040704070404,,,34.9545542789573,64.19141914191418,28.71287128712871,34.9545542789573,,
0.008469198000057077,188.25112234033895,0.96484375,0.061553030303030304,0.9384469696969697,279,0.23570793867111206,0.08006326854228973,0.1324649453163147,0.0005017572548240423,0.004117672331631184,0.00025,0.9421737898057774,0.13356548931140322,0.028601761697600835,0.008469198000057077,107.25,20.75,251.5,4.5,0.195280230499975,0.4826354289689334,,,,,,,,,,,,
,,,,,274,,,,,,,,,,,,,,,,,46.991984912777,66.54879773691655,53.371051390853374,46.991984912777,,,38.55610561056106,64.19141914191418,28.71287128712871,38.63336333633364,,
0.008828070499930618,184.22657212538525,0.97265625,0.04825581395348837,0.9517441860465117,299,0.20996838808059692,0.07501451671123505,0.13645565509796143,0.00014036556967766955,0.003576579736545682,0.00025,0.9410915682062299,0.1042850282763503,0.03636876955192411,0.008828070499930618,108.25,19.75,251.5,4.5,0.19360807699968063,0.443300267419545,43.896293475501395,87.36989083523734,48.4006092916984,43.896293475501395,,,38.05610561056106,66.03960396039604,24.09240924092409,38.1023102310231,,
0.010129932000381814,180.64624063501924,0.970703125,0.027046783625730993,0.972953216374269,319,0.18741586059331894,0.07444216683506966,0.15256717056035995,0.0001139598862209823,0.0034696836955845356,0.00025,0.932828443877551,0.10589502268813662,0.04902395989217782,0.010129932000381814,106.75,21.25,251.5,4.5,0.2131599525000638,0.4275688426326951,,,,,,,,,,,,
0.00899382150009842,176.8209784249393,0.978515625,0.02564102564102564,0.9743589743589743,339,0.16941773146390915,0.06071682274341583,0.1320798173546791,0.00011552750947885215,0.0033064306480810046,0.00025,0.9436716964778189,0.11027703043370413,0.0364228255404726,0.00899382150009842,106.75,21.25,252.0,4.0,0.19469484799947168,0.3910645646355988,,,,,,,,,,,,
,,,,,324,,,,,,,,,,,,,,,,,54.022502250225024,67.9072907290729,57.98379837983797,54.022502250225024,,,37.68811881188119,57.67326732673267,28.71287128712871,39.66802562609202,,
0.008953845499490853,173.04585238026448,0.98046875,0.024404761904761905,0.9755952380952381,359,0.1639169454574585,0.057506127282977104,0.16619251668453217,0.00012411933857947588,0.0033784963889047503,0.00025,0.9294361325611326,0.10948072661278369,0.04787442551642858,0.008953845499490853,106.75,21.25,251.5,4.5,0.19858132399986062,0.37881185308560816,,,,,,,,,,,,
,,,,,349,,,,,,,,,,,,,,,,,52.04988575780655,65.2094440213252,65.2094440213252,52.04988575780655,,,35.04200969547504,56.15275813295615,21.782178217821784,37.557755775577554,,
0.009371340000143391,169.55109622524105,0.982421875,0.022727272727272728,0.9772727272727273,379,0.14402776211500168,0.05541786924004555,0.13458385318517685,0.00017305149958701804,0.0030107845086604357,0.00025,0.9429087706511176,0.1071693672781569,0.0365806206915074,0.009371340000143391,106.0,22.0,251.5,4.5,0.2111503525002263,0.3530587978711992,,,,,,,,,,,,
,,,,,374,,,,,,,,,,,,,,,,,46.8018516137328,75.1060820367751,48.9108910891089,46.8018516137328,,,29.096652522395093,55.16265912305517,21.782178217821784,32.59525952595259,,
0.008185755000340578,165.47718867493586,0.982421875,0.022222222222222223,0.9777777777777777,399,0.12879115715622902,0.054549986496567726,0.10936534404754639,0.000213922125112731,0.0030609056120738387,0.00025,0.9554858127461511,0.08935086467168804,0.03633326881743741,0.008185755000340578,106.75,21.25,251.5,4.5,0.19362312850034868,0.2968119549259427,54.27951256664129,67.98172124904798,57.01447067783702,54.27951256664129,,,32.18104667609618,60.70721357850072,20.396039603960396,35.78827113480579,,
0.011138464499708789,161.817412124974,0.982421875,0.021980676328502417,0.9780193236714976,419,0.12006805092096329,0.04947880655527115,0.12157025188207626,7.171346078393981e-05,0.002788040437735617,0.00025,0.9501479855508095,0.10221143093573723,0.03667186204239127,0.011138464499708789,105.25,22.75,251.5,4.5,0.2162058689996229,0.2958248937611643,,,,,,,,,,,,
0.00759571849994245,157.91819737497462,0.984375,0.0227390180878553,0.9772609819121447,439,0.10394235327839851,0.042974481359124184,0.13899210840463638,0.00012863818847108632,0.0026672794483602047,0.00025,0.9383635001619695,0.09326978714698697,0.04454500217409711,0.00759571849994245,106.5,21.5,251.5,4.5,0.19501177299980554,0.2800769040532032,,,,,,,,,,,,
,,,,,424,,,,,,,,,,,,,,,,,57.02970297029702,74.25742574257426,74.25742574257426,57.02970297029702,,,34.9042541616799,62.55032096616255,21.782178217821784,40.64356435643564,,
0.00807235549973484,153.98926322010539,0.984375,0.020673486786018755,0.9793265132139812,459,0.10934460535645485,0.04175405204296112,0.13590329140424728,8.97563950275071e-05,0.0028432682156562805,0.00025,0.9363998724489796,0.08556422920275268,0.04569406708138462,0.00807235549973484,108.25,19.75,251.5,4.5,0.19301081499997963,0.3011273175943643,,,,,,,,,,,,
,,,,,449,,,,,,,,,,,,,,,,,51.46911834040546,75.1060820367751,61.88118811881187,51.46911834040546,,,28.25118775613825,60.16030174446016,14.356435643564355,33.94059405940594,,
0.010641997999300656,150.39658172003328,0.984375,0.01020408163265306,0.9897959183673469,479,0.10099109634757042,0.042071783915162086,0.09661119058728218,5.743565270677209e-05,0.002602738793939352,0.00025,0.9608496459808413,0.10646176803159359,0.021713857822864786,0.010641997999300656,106.0,22.0,252.0,4.0,0.2184587239994471,0.2492246719484683,,,,,,,,,,,,
,,,,,474,,,,,,,,,,,,,,,,,52.848656294200836,75.1060820367751,58.81188118811881,52.848656294200836,,,34.59028760018859,55.16265912305517,23.86138613861386,38.33483348334833,,
0.00743782449990249,146.46020250017955,0.98828125,0.02150786308973173,0.9784921369102683,499,0.09741542488336563,0.036582253873348236,0.1342262104153633,0.00015477349370485172,0.0026000821962952614,0.00025,0.9426245970772029,0.10019275151961757,0.04291595045645405,0.00743782449990249,105.0,23.0,251.5,4.5,0.19459065149976595,0.2763334156916244,56.08557284299857,75.1060820367751,61.88118811881187,56.08557284299857,,,34.537953795379536,68.05280528052803,21.782178217821784,35.623762376237615,,
0.008680983999965974,142.4148338551504,0.98828125,0.0,1.0,519,0.08851977437734604,0.03611930087208748,0.09310030192136765,9.69907341641374e-05,0.002469841158017516,0.00025,0.9626471544128268,0.09166111509638138,0.025200830998224347,0.008680983999965974,106.5,21.5,252.0,4.0,0.19163100950027,0.25808936715475284,,,,,,,,,,,,
0.00973220650030271,138.66010923496106,0.98828125,0.009615384615384616,0.9903846153846154,539,0.09809597954154015,0.035421958193182945,0.12411895021796227,0.00019400755991227925,0.002466887002810836,0.00025,0.9443922187114506,0.08112850503556396,0.04490740631342956,0.00973220650030271,106.75,21.25,251.5,4.5,0.20377065449974907,0.2588219454046339,,,,,,,,,,,,
,,,,,524,,,,,,,,,,,,,,,,,55.185289957567186,75.1060820367751,55.16265912305517,55.185289957567186,,,34.53559641678454,58.81188118811881,24.09240924092409,35.92409240924092,,
0.007764049999877898,134.56369063513648,0.98828125,0.02299154334038055,0.9770084566596194,559,0.1018529050052166,0.03350227698683739,0.13685374706983566,0.00011877535507665016,0.002370059140957892,0.00025,0.9405539213984914,0.08705100768109032,0.03989193183332663,0.007764049999877898,108.25,19.75,251.5,4.5,0.19339636050017361,0.2663803777686553,,,,,,,,,,,,
,,,,,549,,,,,,,,,,,,,,,,,53.408769448373405,72.98444130127297,59.4059405940594,53.408769448373405,,,30.533946251768036,59.37057991513437,21.287128712871286,33.93429342934294,,
0.008376795000458515,130.78127310027412,0.990234375,0.01,0.99,579,0.09444611892104149,0.03269621729850769,0.1234198734164238,7.721313158981502e-05,0.002133704605512321,0.00025,0.9415765475625466,0.09181467669260973,0.03297525538687856,0.008376795000458515,106.5,21.5,251.5,4.5,0.19808690950048913,0.2539184738234326,,,,,,,,,,,,
,,,,,574,,,,,,,,,,,,,,,,,55.678925035360685,75.1060820367751,61.88118811881187,55.678925035360685,,,36.460788936036465,63.083451202263085,28.71287128712871,39.23132313231323,,
0.009584903999893868,127.0238947248572,0.9921875,0.00980392156862745,0.9901960784313726,599,0.07802390307188034,0.029402739368379116,0.1252184621989727,0.00017460130766266957,0.0023292527766898274,0.00025,0.944975691644439,0.08644963117728512,0.04427435629255947,0.009584903999893868,107.0,21.0,251.5,4.5,0.19857068900046215,0.2382337573581026,52.57001414427156,75.1060820367751,61.88118811881187,52.57001414427156,,,37.258132956152764,67.57425742574257,28.71287128712871,41.25318246110325,,
0.0076291199998195225,123.09460695001235,0.98828125,0.0,1.0,619,0.08212624490261078,0.03222769871354103,0.11151079460978508,6.113150084274821e-05,0.002251329366117716,0.00025,0.950999149659864,0.10564131237662736,0.033832465815273056,0.0076291199998195225,106.25,21.75,251.5,4.5,0.1949799745002565,0.23758667624133523,,,,,,,,,,,,
0.008181585499642097,119.12096470014603,0.98828125,0.021431828545371637,0.9785681714546284,639,0.0713958665728569,0.032473236322402954,0.09585428237915039,0.00012100204912712798,0.0021006751339882612,0.00025,0.9594864298095376,0.09792450915688677,0.027624909285279317,0.008181585499642097,107.0,21.0,251.5,4.5,0.19332680850038741,0.22449230100937712,,,,,,,,,,,,
,,,,,624,,,,,,,,,,,,,,,,,58.180575200377184,77.0862800565771,64.19141914191418,58.180575200377184,,,40.0,61.584158415841586,31.485148514851485,41.042904290429036,,
0.010283504499966512,115.27907635001156,0.9921875,0.0,1.0,659,0.07209421694278717,0.024631837382912636,0.10489051416516304,0.00013745541946263984,0.002109814784489572,0.00025,0.9566745034250634,0.07695626367845515,0.02654819118196601,0.010283504499966512,107.0,21.0,251.5,4.5,0.20424156550006956,0.20694374459708342,,,,,,,,,,,,
,,,,,649,,,,,,,,,,,,,,,,,57.3092880716643,75.1060820367751,61.88118811881187,57.3092880716643,,,39.994599459945995,65.74257425742573,31.485148514851485,41.61746174617462,,
0.009479633999944781,111.37131105001117,0.9921875,0.0,1.0,679,0.06140599027276039,0.02842641994357109,0.11862394213676453,6.741182005498558e-05,0.0020287628285586834,0.00025,0.9450660946196661,0.10169773796194453,0.03673405616823919,0.009479633999944781,108.0,20.0,251.5,4.5,0.19564907749963822,0.21724766842271492,,,,,,,,,,,,
,,,,,674,,,,,,,,,,,,,,,,,60.796793965110794,75.1060820367751,61.88118811881187,60.796793965110794,,,35.83215464403583,55.16265912305517,28.71287128712871,39.65346534653465,,
0.009335014999578561,107.55068279991065,0.9921875,0.022474747474747474,0.9775252525252525,699,0.06503419205546379,0.02299326378852129,0.11556332185864449,5.9535119362408295e-05,0.0019559769425541162,0.00025,0.9471987989170298,0.0788980516715875,0.037954642956101105,0.009335014999578561,106.5,21.5,251.5,4.5,0.19918254450021777,0.20732927903918608,55.785007072135784,72.98444130127297,59.4059405940594,55.785007072135784,,,29.476661951909477,50.919377652050926,21.287128712871286,34.24752475247524,,
0.009428413000023284,103.68910142003188,0.9921875,0.0,1.0,719,0.06743854284286499,0.02630377933382988,0.1041237935423851,0.0001227907087013591,0.0017644150066189468,0.00025,0.9560794698314108,0.0812453367798494,0.019460921967008417,0.009428413000023284,107.5,20.5,251.75,4.25,0.19758165350003765,0.21316062286496162,,,,,,,,,,,,
0.008567643999867869,99.82787174993973,0.9921875,0.0,1.0,739,0.06584382802248001,0.027769011445343494,0.12421482801437378,9.748765296535566e-05,0.0017179237329401076,0.00025,0.9475332225913622,0.08465749826717206,0.03702991741383874,0.008567643999867869,107.0,21.0,251.5,4.5,0.1991841105000276,0.2208915223927761,,,,,,,,,,,,
,,,,,724,,,,,,,,,,,,,,,,,57.92550683639792,77.0862800565771,64.19141914191418,57.92550683639792,,,35.08958038661009,59.618104667609614,21.287128712871286,37.98679867986799,,
0.009614174499802175,95.90546486486346,0.9921875,0.0,1.0,759,0.06736934930086136,0.02328079380095005,0.08976001292467117,0.0001302433229284361,0.0017664110637269914,0.00025,0.9617346938775511,0.07715827580701567,0.022617494265039055,0.009614174499802175,106.5,21.5,252.0,4.0,0.1955389565000587,0.1883181702796719,,,,,,,,,,,,
,,,,,749,,,,,,,,,,,,,,,,,58.892503536067885,75.1060820367751,61.88118811881187,58.892503536067885,,,38.87128712871287,58.81188118811881,48.9108910891089,40.099009900990104,,
0.010242682999432873,91.99823474994446,0.990234375,0.0,1.0,779,0.06558259576559067,0.026421100832521915,0.11071179807186127,7.381424074992537e-05,0.0016901031485758722,0.00025,0.9520151404717732,0.07863399044246219,0.0363819889491918,0.010242682999432873,106.5,21.5,251.75,4.25,0.20052659549992313,0.2047170547866699,,,,,,,,,,,,
,,,,,774,,,,,,,,,,,,,,,,,55.89250353606789,75.1060820367751,61.88118811881187,55.89250353606789,,,38.769448373408764,55.16265912305517,43.23432343234323,42.881188118811885,,
0.00941433700018024,88.06601407511607,0.994140625,0.0,1.0,799,0.06171047315001488,0.02108266018331051,0.11113231256604195,6.643852248089388e-05,0.0016336234984919429,0.00025,0.9531124040052612,0.07725518461748915,0.033189491737005174,0.00941433700018024,107.0,21.0,251.5,4.5,0.1946690345002935,0.19015043387116748,55.15322960867515,75.1060820367751,61.88118811881187,55.15322960867515,,,39.78595002357378,55.16265912305517,43.23432343234323,44.12871287128713,,
0.008260891499958234,84.11922235511611,0.9921875,0.0,1.0,819,0.05792734771966934,0.021463414654135704,0.12362127378582954,5.8062822063220665e-05,0.0017646336928009987,0.00025,0.9453569136255272,0.0786496609644591,0.03761504601840736,0.008260891499958234,107.5,20.5,251.5,4.5,0.1932295160004287,0.22133637966908282,,,,,,,,,,,,
0.008177098499800195,80.22178551517754,0.9921875,0.0,1.0,839,0.06751188263297081,0.023802676238119602,0.0750492513179779,5.3300698709790595e-05,0.001516672782599926,0.00025,0.968648538961039,0.09158647082945938,0.014196530617953437,0.008177098499800195,106.25,21.75,252.0,4.0,0.19836436899959153,0.1727148482323173,,,,,,,,,,,,
,,,,,824,,,,,,,,,,,,,,,,,56.17963224893917,75.1060820367751,61.88118811881187,56.17963224893917,,,42.57425742574257,83.16831683168317,48.9108910891089,44.0,,
0.008200005499475083,76.29683821499839,0.9921875,0.010638297872340425,0.9893617021276595,859,0.0682317242026329,0.020709670148789883,0.08880053088068962,4.084052125108428e-05,0.0016478885663673282,0.00025,0.9616936542956951,0.07944037162912213,0.027510552722188372,0.008200005499475083,107.0,21.0,251.5,4.5,0.19293548549967454,0.19140840796899283,,,,,,,,,,,,
,,,,,849,,,,,,,,,,,,,,,,,57.14992927864214,75.1060820367751,61.88118811881187,57.14992927864214,,,41.62376237623762,58.81188118811881,48.9108910891089,43.15841584158416,,
0.009889356500480062,72.39526985516022,0.99609375,0.0,1.0,879,0.06480066850781441,0.01914497185498476,0.11219178140163422,3.883613862853963e-05,0.0015535970451310277,2.5e-05,0.9503993561710399,0.07220702511702978,0.03403578347417269,0.009889356500480062,107.0,21.0,251.5,4.5,0.2006401705002645,0.19566670201493253,,,,,,,,,,,,
,,,,,874,,,,,,,,,,,,,,,,,54.95049504950495,75.1060820367751,56.15275813295615,54.95049504950495,,,34.93943680082294,58.81188118811881,18.81188118811881,36.3003300330033,,
0.00994300899992595,68.5179920250448,0.9921875,0.009433962264150943,0.9905660377358491,899,0.05251491442322731,0.024044446647167206,0.10096616670489311,7.770765660097823e-05,0.001633457199204713,2.5e-05,0.9589116421644646,0.08608823878779977,0.029884942226640836,0.00994300899992595,107.0,21.0,251.75,4.25,0.20419518800008518,0.17765821103239432,57.02970297029702,75.1060820367751,56.15275813295615,57.02970297029702,,,36.14710042432815,58.81188118811881,44.13012729844413,37.45874587458746,,
0.009095036999951844,64.58939470490805,0.9921875,0.0,1.0,919,0.043787773698568344,0.021959129720926285,0.11114464700222015,4.609353709383868e-05,0.0016051282873377204,2.5e-05,0.9531852076494933,0.0842301734174343,0.03231690492869449,0.009095036999951844,107.25,20.75,251.5,4.5,0.19445644649977112,0.17763539531006245,,,,,,,,,,,,
0.008686130000114645,60.67488593491362,0.9921875,0.02128623188405797,0.978713768115942,939,0.04699268750846386,0.020413709804415703,0.11069668456912041,4.3553229261306114e-05,0.0013427019002847373,2.5e-05,0.9531856645097063,0.09430837798120698,0.028601072015884625,0.008686130000114645,106.75,21.25,251.5,4.5,0.1955295779998778,0.180017947252054,,,,,,,,,,,,
,,,,,924,,,,,,,,,,,,,,,,,57.99151343705798,75.1060820367751,61.88118811881187,57.99151343705798,,,39.49552098066949,56.15275813295615,45.54455445544555,42.881188118811885,,
0.009647024500281987,56.79810660004023,0.994140625,0.0,1.0,959,0.04374965280294418,0.023351838812232018,0.08119113370776176,3.7402656744234264e-05,0.001522230973932892,2.5e-05,0.9671635346685258,0.07727481889170482,0.023358693347504414,0.009647024500281987,106.75,21.25,251.5,4.5,0.2110841719995733,0.16809180347263464,,,,,,,,,,,,
,,,,,949,,,,,,,,,,,,,,,,,59.33804809052333,75.1060820367751,61.88118811881187,59.33804809052333,,,43.78217821782179,83.16831683168317,48.9108910891089,45.20792079207921,,
0.00812135650039636,52.87405734011372,0.9921875,0.0,1.0,979,0.04060781188309193,0.0225213710218668,0.10126017406582832,8.010480087250471e-05,0.001402859517838806,2.5e-05,0.956062030075188,0.08384982974101755,0.028930885097793492,0.00812135650039636,107.75,20.25,251.5,4.5,0.1949840669999503,0.1575149724194489,,,,,,,,,,,,
,,,,,974,,,,,,,,,,,,,,,,,54.625176803394616,75.1060820367751,61.88118811881187,54.625176803394616,,,41.999057048562,81.1881188118812,45.54455445544555,45.20792079207921,,
0.009189806999984285,48.981065250131905,0.9921875,0.0,1.0,999,0.040548091754317284,0.019880827516317368,0.10445744171738625,6.139565084595233e-05,0.0015348258893936872,2.5e-05,0.9551433073229292,0.08058264352418235,0.03221120822471307,0.009189806999984285,106.75,21.25,251.5,4.5,0.19775369449962454,0.16319037060611663,57.99151343705798,75.1060820367751,61.88118811881187,57.99151343705798,,,41.999057048562,81.1881188118812,45.54455445544555,45.20792079207921,,
0.00723143599998366,45.06631913990532,0.9921875,0.0,1.0,1019,0.040583763271570206,0.020991943776607513,0.11132534965872765,6.160022167023271e-05,0.0015281164087355137,2.5e-05,0.949121010504939,0.0773996971608378,0.038970590439717234,0.00723143599998366,106.5,21.5,251.5,4.5,0.1936118619996705,0.17460196062165778,,,,,,,,,,,,
0.007911511000202154,41.158177094921484,0.9921875,0.0,1.0,1039,0.0413501001894474,0.02150601241737604,0.08988571912050247,4.0670282032806426e-05,0.0014688409282825887,2.5e-05,0.9630871396177518,0.07341959223747967,0.018979796324706096,0.007911511000202154,107.25,20.75,251.75,4.25,0.19282029849955507,0.16246451678307494,,,,,,,,,,,,
,,,,,1024,,,,,,,,,,,,,,,,,54.625176803394616,75.1060820367751,61.88118811881187,54.625176803394616,,,39.49552098066949,56.15275813295615,45.54455445544555,42.881188118811885,,
0.008256994500243309,37.23835070492896,0.9921875,0.0,1.0,1059,0.04142308980226517,0.02155180275440216,0.09296735748648643,4.155044553044718e-05,0.0014849703293293715,2.5e-05,0.9586141433317513,0.07539235398189409,0.030103792067773305,0.008256994500243309,106.25,21.75,251.5,4.5,0.19734268550018896,0.15311770450625772,,,,,,,,,,,,
,,,,,1049,,,,,,,,,,,,,,,,,55.85289957567184,75.1060820367751,61.88118811881187,55.85289957567184,,,41.62376237623762,58.81188118811881,48.9108910891089,43.15841584158416,,
0.007902266499968391,33.32170688498536,0.99609375,0.0,1.0,1079,0.04346115328371525,0.01987008936703205,0.10931377485394478,3.715309685503598e-05,0.0016496074385941029,2.5e-05,0.9515798933209647,0.07882401544113309,0.03384408209247502,0.007902266499968391,106.0,22.0,251.5,4.5,0.19326390850028474,0.18049910374975298,,,,,,,,,,,,
,,,,,1074,,,,,,,,,,,,,,,,,55.85289957567184,75.1060820367751,61.88118811881187,55.85289957567184,,,44.05940594059406,83.16831683168317,48.9108910891089,45.48514851485148,,
0.008732957499432814,29.437104449948492,0.9921875,0.0,1.0,1099,0.03958901762962341,0.02483987621963024,0.11477932333946228,3.940791430068202e-05,0.001400505832862109,2.5e-05,0.948326830732293,0.07548144672861673,0.03402667936835631,0.008732957499432814,107.25,20.75,251.5,4.5,0.1986699814997337,0.1603439105920188,55.85289957567184,75.1060820367751,61.88118811881187,55.85289957567184,,,44.05940594059406,83.16831683168317,48.9108910891089,45.48514851485148,,
0.009660410999913438,25.543626290045722,0.9921875,0.0,1.0,1119,0.04229733534157276,0.020187677815556526,0.10794024914503098,4.1252402297686785e-05,0.0013460277114063501,2.5e-05,0.9530946307094266,0.07543362619183994,0.032212681733835985,0.009660410999913438,106.5,21.5,251.5,4.5,0.20875181049996172,0.16568606427699706,,,,,,,,,,,,
0.010603240999898844,21.627426590043797,0.994140625,0.0,1.0,1139,0.04126870818436146,0.01830853335559368,0.07659120857715607,5.012548353988677e-05,0.0014787046238780022,2.5000000000000006e-06,0.9669466635338346,0.0853685913995246,0.023752639717469798,0.010603240999898844,106.0,22.0,251.5,4.5,0.2212205890000405,0.14102203904622002,,,,,,,,,,,,
,,,,,1124,,,,,,,,,,,,,,,,,55.85289957567184,75.1060820367751,61.88118811881187,55.85289957567184,,,44.05940594059406,83.16831683168317,48.9108910891089,45.48514851485148,,
0.008495985500303505,17.684048970031654,0.994140625,0.0,1.0,1159,0.03998312167823315,0.019825417548418045,0.10619200766086578,2.321861666132463e-05,0.0015803349087946117,2.5000000000000006e-06,0.9540096062284935,0.08251445622387282,0.033621303703568445,0.008495985500303505,106.5,21.5,251.5,4.5,0.19412075449963595,0.16442602731513034,,,,,,,,,,,,
,,,,,1149,,,,,,,,,,,,,,,,,55.85289957567184,75.1060820367751,61.88118811881187,55.85289957567184,,,44.05940594059406,83.16831683168317,48.9108910891089,45.48514851485148,,
0.0093098624997765,13.754043624976475,0.9921875,0.0,1.0,1179,0.03825775533914566,0.02335849218070507,0.09342025592923164,5.343391967471689e-05,0.0014200772857293487,2.5000000000000006e-06,0.9589285714285714,0.07715997921256765,0.033236102123742915,0.0093098624997765,106.25,21.75,252.0,4.0,0.19600584199997684,0.16131583586957277,,,,,,,,,,,,
,,,,,1174,,,,,,,,,,,,,,,,,55.85289957567184,75.1060820367751,61.88118811881187,55.85289957567184,,,44.05940594059406,83.16831683168317,48.9108910891089,45.48514851485148,,
0.010475935499925981,9.827596299987817,0.99609375,0.0,1.0,1199,0.04011154547333717,0.018672069534659386,0.09463105350732803,5.258899000182282e-05,0.0016230145702138543,2.5000000000000006e-06,0.957899457811436,0.07095223838891883,0.02924354787980016,0.010475935499925981,106.25,21.75,251.5,4.5,0.21777655600044454,0.16282358995158575,55.85289957567184,75.1060820367751,61.88118811881187,55.85289957567184,,,44.05940594059406,83.16831683168317,48.9108910891089,45.48514851485148,,
0.00919009549988914,5.89786342498428,0.99609375,0.0,1.0,1219,0.039286328479647636,0.016152444295585155,0.10516926646232605,5.1794226237689145e-05,0.0015761864488013089,2.5000000000000006e-06,0.9535839904143475,0.08382118612327853,0.028805779210174316,0.00919009549988914,106.5,21.5,252.0,4.0,0.19858650200012562,0.15720482557844662,,,,,,,,,,,,
0.00961528849984461,1.9650590750006813,0.9921875,0.0,1.0,1239,0.036762136965990067,0.021604768931865692,0.10266811400651932,7.503626875404734e-05,0.0015428743208758533,2.5000000000000006e-06,0.953236814206202,0.0812663733019729,0.03375669269647757,0.00961528849984461,106.75,21.25,251.5,4.5,0.19666190950010787,0.1633260815488029,,,,,,,,,,,,
,,,,,1224,,,,,,,,,,,,,,,,,55.85289957567184,75.1060820367751,61.88118811881187,55.85289957567184,,,44.05940594059406,83.16831683168317,48.9108910891089,45.48514851485148,,
0.00989266900023722,0.0,0.99609375,0.0,1.0,1249,0.04024016112089157,0.019021435640752316,0.09737307578325272,9.136549851973541e-05,0.001503986888565123,2.5000000000000006e-06,0.957858040089679,0.08252600837622678,0.030414221593820633,0.00989266900023722,106.0,22.0,251.5,4.5,0.2141314214995873,0.16164949758058356,,,,,,,,,,,,
,,,,,1250,,,,,,,,,,,,,,,,,55.85289957567184,75.1060820367751,61.88118811881187,55.85289957567184,,,44.05940594059406,83.16831683168317,48.9108910891089,45.48514851485148,,
